,label,F1,F2,F3
0,spam,0,25,2
1,ham,0,9,2
2,ham,0,8,2
3,ham,0,17,2
4,spam,1,17,1
5,ham,0,16,2
6,ham,0,12,2
7,spam,0,20,2
8,ham,0,3,1
9,ham,0,7,1
10,ham,0,13,1
11,ham,0,11,1
12,ham,0,3,1
13,ham,0,5,1
14,spam,0,13,2
15,ham,0,4,1
16,ham,0,9,1
17,ham,0,2,1
18,ham,0,4,1
19,ham,0,18,2
20,ham,0,5,1
21,ham,0,19,2
22,ham,0,26,3
23,spam,0,18,2
24,ham,0,2,1
25,ham,0,8,3
26,ham,0,18,2
27,spam,0,14,1
28,spam,0,8,1
29,ham,0,4,1
30,ham,0,6,1
31,ham,0,8,1
32,ham,0,3,1
33,ham,0,2,1
34,ham,0,4,1
35,ham,0,5,1
36,ham,0,4,1
37,ham,0,3,1
38,ham,0,6,1
39,ham,0,18,2
40,ham,0,7,1
41,ham,0,8,2
42,ham,0,18,2
43,ham,0,5,1
44,ham,0,20,1
45,ham,0,7,1
46,ham,0,10,1
47,ham,0,17,2
48,ham,0,21,2
49,ham,0,5,1
50,ham,0,3,1
51,ham,0,18,2
52,ham,0,9,1
53,spam,0,17,1
54,spam,0,17,1
55,ham,0,4,1
56,ham,0,6,1
57,ham,0,2,1
58,ham,0,19,3
59,ham,0,2,1
60,ham,0,4,1
61,ham,0,3,1
62,spam,0,18,1
63,spam,0,29,2
64,ham,0,6,1
65,ham,0,2,1
66,spam,0,21,2
67,ham,0,12,1
68,ham,0,4,1
69,ham,0,3,1
70,ham,0,10,1
71,ham,0,5,1
72,ham,0,4,1
73,ham,0,17,2
74,ham,0,36,2
75,ham,0,11,1
76,spam,0,12,2
77,spam,0,18,2
78,ham,0,8,2
79,spam,1,16,3
80,ham,0,7,1
81,ham,0,6,1
82,ham,0,7,2
83,ham,0,13,1
84,ham,0,8,1
85,ham,0,8,1
86,ham,0,4,1
87,ham,0,6,1
88,ham,0,14,1
89,ham,0,3,1
90,ham,0,2,1
91,ham,0,3,1
92,ham,0,14,1
93,ham,0,3,1
94,spam,0,15,1
95,ham,0,13,1
96,spam,1,6,1
97,ham,0,20,3
98,ham,0,10,1
99,ham,0,6,1
100,ham,0,13,1
101,ham,0,5,1
102,ham,0,5,1
103,ham,0,12,2
104,ham,0,3,1
105,ham,0,10,1
106,ham,0,18,2
107,ham,0,7,1
108,ham,0,4,1
109,ham,0,5,1
110,ham,0,17,2
111,spam,1,15,1
112,ham,0,7,1
113,ham,0,5,1
114,ham,0,6,1
115,ham,0,7,1
116,ham,0,6,1
117,ham,0,28,4
118,ham,0,3,1
119,ham,0,5,1
120,ham,0,15,1
121,ham,0,7,1
122,ham,0,18,2
123,ham,0,6,1
124,spam,0,16,2
125,ham,0,12,1
126,spam,0,17,3
127,ham,0,6,1
128,spam,0,15,2
129,ham,0,18,2
130,spam,0,17,3
131,ham,0,3,1
132,ham,0,4,1
133,ham,0,3,1
134,ham,0,1,1
135,ham,0,14,3
136,ham,0,15,1
137,ham,0,9,1
138,ham,0,2,1
139,ham,0,5,1
140,spam,0,21,1
141,ham,0,7,1
142,ham,0,10,1
143,ham,0,11,2
144,ham,0,2,1
145,ham,0,4,1
146,ham,0,5,1
147,ham,0,11,1
148,ham,0,4,1
149,ham,0,20,2
150,spam,0,20,2
151,ham,0,20,3
152,ham,0,3,1
153,spam,0,16,3
154,ham,0,6,1
155,ham,0,2,1
156,ham,0,3,1
157,ham,0,8,1
158,spam,0,19,2
159,ham,0,17,1
160,ham,0,5,1
161,ham,0,2,1
162,ham,0,6,2
163,ham,0,7,1
164,ham,0,2,1
165,spam,0,16,1
166,ham,0,7,1
167,ham,0,14,2
168,ham,0,9,2
169,ham,0,19,1
170,ham,0,9,1
171,ham,0,6,2
172,ham,0,5,1
173,ham,0,9,1
174,ham,0,14,1
175,ham,0,10,1
176,ham,0,3,1
177,ham,0,9,1
178,ham,0,16,2
179,spam,0,16,1
180,ham,0,2,1
181,ham,0,4,1
182,spam,0,17,1
183,ham,0,5,1
184,ham,0,3,1
185,spam,0,19,2
186,ham,0,6,1
187,ham,0,4,1
188,ham,0,6,1
189,ham,0,2,1
190,ham,0,10,1
191,ham,0,16,2
192,spam,0,22,2
193,ham,0,3,1
194,ham,0,6,1
195,ham,0,11,1
196,ham,0,9,1
197,ham,0,17,3
198,spam,0,6,1
199,ham,0,5,1
200,ham,0,3,1
201,spam,1,12,1
202,ham,0,6,1
203,ham,0,7,1
204,spam,0,12,1
205,ham,0,3,1
206,spam,0,15,1
207,ham,0,4,2
208,ham,0,2,1
209,ham,0,4,1
210,ham,0,8,1
211,spam,0,23,3
212,ham,0,3,1
213,ham,0,11,1
214,ham,0,4,1
215,ham,0,11,1
216,ham,0,3,1
217,ham,0,4,1
218,ham,0,15,2
219,ham,0,9,1
220,ham,0,9,1
221,ham,0,5,1
222,ham,0,2,1
223,ham,0,5,1
224,spam,0,20,2
225,ham,0,8,2
226,ham,0,14,4
227,ham,0,9,1
228,spam,0,23,1
229,ham,0,7,1
230,ham,0,10,1
231,ham,0,4,1
232,ham,0,5,1
233,spam,1,15,3
234,ham,0,4,1
235,ham,0,13,2
236,ham,0,16,2
237,spam,0,21,1
238,ham,0,5,1
239,ham,0,3,1
240,ham,0,2,1
241,ham,0,7,1
242,ham,0,4,1
243,ham,0,6,1
244,ham,0,22,6
245,spam,0,18,1
246,ham,0,19,2
247,ham,0,8,1
248,ham,0,17,2
249,ham,0,2,1
250,ham,0,12,1
251,ham,0,3,1
252,spam,0,17,1
253,spam,0,27,2
254,ham,0,11,1
255,ham,0,5,1
256,ham,0,4,1
257,spam,0,14,1
258,ham,0,11,1
259,spam,0,24,2
260,ham,0,4,1
261,spam,0,17,1
262,ham,0,3,1
263,ham,0,2,1
264,ham,0,17,2
265,ham,0,5,1
266,ham,0,6,1
267,ham,0,1,1
268,ham,0,4,1
269,ham,0,5,1
270,ham,0,8,1
271,ham,0,7,1
272,ham,0,5,1
273,spam,0,18,1
274,ham,0,9,1
275,ham,0,5,1
276,ham,0,20,2
277,ham,0,4,1
278,ham,0,2,1
279,ham,0,2,1
280,ham,0,5,1
281,ham,0,19,3
282,ham,0,7,2
283,ham,0,5,1
284,ham,0,4,1
285,spam,0,17,1
286,spam,0,16,1
287,ham,0,3,1
288,ham,0,15,2
289,ham,0,1,1
290,ham,0,8,1
291,ham,0,9,1
292,ham,0,10,1
293,ham,0,3,1
294,ham,0,10,1
295,ham,0,4,1
296,ham,0,18,1
297,ham,0,18,2
298,ham,0,14,1
299,ham,0,2,1
300,ham,0,10,1
301,ham,0,6,1
302,ham,0,13,2
303,ham,0,8,1
304,ham,0,7,1
305,ham,0,15,1
306,spam,0,16,2
307,ham,0,7,3
308,ham,0,2,1
309,ham,0,9,1
310,ham,0,2,1
311,ham,0,9,1
312,ham,0,8,2
313,ham,0,5,1
314,ham,0,10,1
315,ham,0,4,1
316,ham,0,15,2
317,ham,0,13,2
318,ham,0,7,1
319,ham,0,3,1
320,ham,0,4,1
321,ham,0,24,3
322,ham,0,2,1
323,ham,0,9,1
324,spam,0,7,1
325,ham,0,11,2
326,ham,0,3,1
327,ham,0,9,1
328,ham,0,7,1
329,ham,0,6,1
330,ham,0,3,1
331,ham,0,3,1
332,spam,0,24,2
333,ham,0,8,1
334,ham,0,16,2
335,ham,0,5,1
336,ham,0,6,1
337,spam,0,22,2
338,ham,0,12,2
339,ham,0,18,2
340,ham,0,4,1
341,spam,0,11,1
342,ham,0,2,1
343,ham,0,13,1
344,ham,0,9,1
345,ham,0,6,2
346,ham,0,4,1
347,ham,0,6,1
348,ham,0,10,1
349,spam,1,16,2
350,spam,0,20,2
351,ham,0,36,3
352,ham,0,10,2
353,ham,0,15,1
354,ham,0,4,1
355,ham,0,20,3
356,ham,0,6,1
357,ham,0,3,1
358,ham,0,5,1
359,ham,0,11,1
360,ham,0,17,3
361,spam,0,17,1
362,ham,0,1,1
363,ham,0,23,3
364,ham,0,3,1
365,ham,0,6,1
366,ham,0,7,1
367,ham,0,12,1
368,ham,0,9,1
369,ham,0,4,1
370,ham,0,2,1
371,ham,0,9,1
372,ham,0,2,1
373,ham,0,9,2
374,spam,0,14,2
375,ham,0,15,1
376,ham,0,9,1
377,ham,0,15,1
378,ham,0,7,1
379,ham,0,5,1
380,ham,0,11,1
381,ham,0,7,1
382,ham,0,14,1
383,ham,0,3,1
384,spam,0,10,1
385,ham,0,8,1
386,ham,0,6,1
387,ham,0,15,1
388,ham,0,6,1
389,ham,0,9,1
390,spam,0,21,1
391,ham,0,6,1
392,ham,0,6,1
393,spam,1,25,2
394,spam,0,20,2
395,ham,0,3,1
396,ham,0,8,2
397,ham,0,8,1
398,ham,0,4,1
399,ham,0,4,1
400,ham,0,4,1
401,ham,0,20,2
402,spam,0,26,3
403,ham,0,5,1
404,ham,0,3,1
405,ham,0,14,1
406,ham,0,21,2
407,spam,1,17,2
408,spam,0,19,1
409,spam,0,23,1
410,ham,0,9,1
411,ham,0,28,2
412,ham,0,11,1
413,ham,0,5,1
414,ham,0,6,2
415,ham,0,9,2
416,ham,0,3,1
417,ham,0,3,1
418,ham,0,2,1
419,ham,0,11,1
420,ham,0,8,1
421,spam,0,19,2
422,ham,0,11,1
423,ham,0,4,1
424,spam,0,23,1
425,spam,0,21,1
426,spam,0,13,1
427,spam,0,13,1
428,spam,1,11,2
429,ham,0,9,1
430,ham,0,10,2
431,ham,0,6,1
432,ham,0,12,2
433,ham,0,3,1
434,ham,0,18,2
435,ham,0,12,2
436,ham,0,7,1
437,spam,0,21,1
438,ham,0,14,1
439,ham,0,2,1
440,ham,0,8,1
441,ham,0,8,1
442,spam,0,18,2
443,ham,0,8,1
444,ham,0,4,1
445,spam,0,20,2
446,ham,0,15,1
447,ham,0,2,1
448,ham,0,6,1
449,ham,0,6,1
450,ham,0,9,1
451,ham,0,13,1
452,ham,0,3,1
453,ham,0,7,1
454,spam,0,19,1
455,ham,0,4,1
456,ham,0,2,1
457,ham,0,14,2
458,ham,0,7,2
459,spam,0,13,1
460,ham,0,20,2
461,ham,0,5,1
462,ham,0,5,1
463,ham,0,3,1
464,ham,0,11,1
465,ham,0,1,1
466,ham,0,8,2
467,spam,0,17,1
468,ham,0,9,1
469,ham,0,6,1
470,ham,0,2,1
471,ham,0,5,1
472,ham,0,21,2
473,ham,0,16,2
474,ham,0,7,1
475,ham,0,5,1
476,ham,0,8,1
477,ham,0,15,1
478,ham,0,21,2
479,ham,0,9,1
480,ham,0,2,1
481,ham,0,16,2
482,ham,0,18,4
483,ham,0,6,1
484,ham,0,8,1
485,ham,0,11,2
486,ham,0,3,1
487,ham,0,4,1
488,spam,0,15,1
489,ham,0,11,1
490,ham,0,6,1
491,ham,0,4,2
492,spam,0,16,3
493,ham,0,16,2
494,ham,0,11,1
495,ham,0,5,1
496,ham,0,6,1
497,ham,0,5,1
498,ham,0,7,1
499,ham,0,2,1
500,ham,0,5,1
501,ham,0,4,1
502,ham,0,7,1
503,ham,0,4,1
504,ham,0,3,1
505,ham,0,17,2
506,ham,0,15,1
507,ham,0,3,1
508,ham,0,14,1
509,ham,0,4,1
510,ham,0,6,1
511,ham,0,6,1
512,ham,0,12,2
513,spam,0,11,2
514,spam,0,17,1
515,ham,0,10,1
516,ham,0,14,2
517,ham,0,6,1
518,ham,0,26,2
519,ham,0,3,1
520,ham,0,4,1
521,spam,0,23,1
522,ham,0,13,2
523,ham,0,16,2
524,ham,0,2,1
525,ham,0,8,2
526,ham,0,8,1
527,ham,0,5,1
528,ham,0,3,1
529,ham,0,18,4
530,ham,0,4,1
531,ham,0,2,1
532,spam,0,19,1
533,ham,0,5,1
534,spam,0,17,1
535,ham,0,11,3
536,ham,0,2,1
537,ham,0,5,1
538,ham,0,18,2
539,ham,0,13,1
540,ham,0,8,1
541,ham,0,10,2
542,spam,1,16,1
543,ham,0,4,1
544,ham,0,15,2
545,ham,0,13,3
546,ham,0,9,1
547,ham,0,3,1
548,ham,0,4,1
549,ham,0,6,1
550,spam,0,6,1
551,spam,0,21,2
552,ham,0,5,1
553,spam,0,19,1
554,ham,0,5,1
555,ham,0,7,1
556,ham,0,7,1
557,ham,0,14,1
558,spam,0,13,2
559,ham,0,4,1
560,ham,0,5,1
561,ham,0,4,1
562,ham,0,2,1
563,ham,0,3,1
564,ham,0,18,3
565,ham,0,8,1
566,ham,0,20,2
567,ham,0,2,1
568,ham,0,10,1
569,ham,0,4,1
570,ham,0,4,1
571,spam,0,23,3
572,ham,0,8,1
573,ham,0,10,1
574,ham,0,7,1
575,ham,0,4,1
576,ham,0,17,1
577,ham,0,7,1
578,ham,0,4,1
579,ham,0,5,1
580,ham,0,6,1
581,ham,0,4,1
582,ham,0,24,3
583,ham,0,4,1
584,ham,0,3,2
585,ham,0,8,1
586,ham,0,5,1
587,ham,0,2,1
588,ham,0,9,2
589,ham,0,2,1
590,ham,0,8,1
591,ham,0,3,1
592,ham,0,5,2
593,ham,0,17,1
594,ham,0,19,3
595,ham,0,10,2
596,ham,0,6,1
597,spam,1,19,1
598,ham,0,3,1
599,ham,0,3,1
600,ham,0,6,1
601,ham,0,7,1
602,ham,0,14,1
603,ham,0,8,1
604,spam,0,24,2
605,ham,0,2,1
606,ham,0,5,1
607,ham,0,6,1
608,ham,0,8,1
609,spam,1,15,1
610,ham,0,5,1
611,ham,0,21,1
612,ham,0,2,1
613,ham,0,6,1
614,ham,0,8,2
615,ham,0,5,1
616,ham,0,6,1
617,ham,0,6,1
618,ham,0,13,2
619,ham,0,8,1
620,spam,0,7,1
621,ham,0,11,3
622,ham,0,2,1
623,ham,0,8,1
624,ham,0,6,1
625,ham,0,10,1
626,ham,0,3,1
627,ham,0,15,1
628,ham,0,5,1
629,ham,0,6,2
630,spam,0,8,1
631,ham,0,9,2
632,ham,0,8,1
633,ham,0,20,2
634,ham,0,3,1
635,ham,0,12,1
636,ham,0,4,1
637,ham,0,12,2
638,ham,0,18,1
639,ham,0,5,1
640,ham,0,4,1
641,ham,0,6,1
642,ham,0,7,1
643,spam,0,17,1
644,ham,0,8,2
645,ham,0,11,2
646,ham,0,19,2
647,ham,0,5,1
648,ham,0,1,1
649,ham,0,3,1
650,ham,0,5,1
651,ham,0,5,2
652,ham,0,12,1
653,ham,0,15,3
654,ham,0,6,1
655,spam,0,20,3
656,ham,0,6,1
657,ham,0,8,2
658,ham,0,5,1
659,ham,0,7,1
660,ham,0,5,1
661,ham,0,4,1
662,ham,0,5,1
663,ham,0,25,3
664,ham,0,2,1
665,ham,0,7,1
666,ham,0,9,1
667,spam,0,21,3
668,ham,0,20,6
669,ham,0,7,1
670,ham,0,2,1
671,ham,0,9,1
672,ham,0,17,1
673,ham,0,47,3
674,ham,0,6,1
675,ham,0,2,1
676,ham,0,13,1
677,ham,0,8,1
678,ham,0,6,1
679,ham,0,11,1
680,spam,0,21,2
681,spam,1,16,1
682,ham,0,5,1
683,ham,0,5,1
684,ham,0,14,2
685,ham,0,10,1
686,ham,0,20,3
687,ham,0,17,1
688,ham,0,20,2
689,ham,0,14,2
690,ham,0,5,1
691,ham,0,6,1
692,ham,0,3,1
693,ham,0,4,1
694,ham,0,17,2
695,ham,0,5,1
696,ham,0,3,1
697,spam,1,16,1
698,ham,0,2,1
699,ham,0,4,1
700,ham,0,15,2
701,spam,0,16,2
702,ham,0,8,1
703,ham,0,11,1
704,ham,0,4,1
705,ham,0,3,1
706,ham,0,2,1
707,ham,0,21,2
708,ham,0,4,1
709,ham,0,6,1
710,ham,0,12,1
711,ham,0,15,1
712,ham,0,2,1
713,ham,0,5,1
714,ham,0,2,1
715,ham,0,2,1
716,ham,0,21,2
717,ham,0,2,1
718,ham,0,3,1
719,spam,0,20,2
720,ham,0,22,6
721,spam,0,11,1
722,ham,0,21,2
723,ham,0,17,2
724,spam,0,20,2
725,ham,0,10,1
726,ham,0,14,1
727,ham,0,3,1
728,ham,0,8,1
729,ham,0,1,1
730,ham,0,13,2
731,ham,0,4,1
732,ham,0,13,2
733,ham,0,14,1
734,ham,0,3,1
735,ham,0,4,1
736,ham,0,3,1
737,spam,1,13,2
738,ham,0,7,1
739,ham,0,5,1
740,ham,0,16,2
741,ham,0,4,1
742,ham,0,24,3
743,spam,0,20,2
744,ham,0,8,1
745,spam,0,11,2
746,ham,0,27,2
747,ham,0,7,1
748,ham,0,6,1
749,ham,0,40,3
750,ham,0,4,1
751,ham,0,2,1
752,spam,0,17,2
753,ham,0,6,1
754,ham,0,4,1
755,ham,0,6,1
756,ham,0,15,2
757,ham,0,2,1
758,spam,0,14,2
759,ham,0,12,2
760,ham,0,6,1
761,ham,0,13,3
762,ham,0,30,2
763,ham,0,5,1
764,ham,0,12,2
765,ham,0,3,1
766,ham,0,8,2
767,ham,0,1,1
768,ham,0,11,1
769,ham,0,11,2
770,ham,0,10,1
771,ham,0,20,3
772,ham,0,7,1
773,spam,0,16,2
774,ham,0,96,18
775,ham,0,4,1
776,ham,0,8,1
777,ham,0,7,1
778,ham,0,7,1
779,ham,0,6,2
780,ham,0,23,5
781,ham,0,6,1
782,ham,0,10,2
783,ham,0,21,3
784,spam,0,18,2
785,spam,0,16,1
786,ham,0,7,1
787,ham,0,14,1
788,ham,0,4,1
789,ham,0,12,1
790,ham,0,5,1
791,ham,0,17,2
792,ham,0,11,2
793,ham,0,5,1
794,ham,0,3,1
795,ham,0,16,1
796,ham,0,4,1
797,ham,0,16,1
798,ham,0,5,1
799,ham,0,15,5
800,spam,0,10,2
801,ham,0,2,1
802,ham,0,11,2
803,ham,0,15,1
804,ham,0,16,2
805,spam,0,15,1
806,spam,0,26,2
807,ham,0,4,1
808,ham,0,4,1
809,ham,0,5,1
810,ham,0,19,3
811,ham,0,4,1
812,ham,0,11,1
813,ham,0,7,1
814,spam,0,16,1
815,ham,0,3,1
816,ham,0,4,1
817,ham,0,8,1
818,spam,0,21,1
819,ham,0,2,1
820,ham,0,3,1
821,ham,0,17,2
822,ham,0,2,1
823,ham,0,14,2
824,ham,0,2,1
825,spam,0,18,1
826,ham,0,7,2
827,ham,0,4,1
828,ham,0,16,2
829,ham,0,1,1
830,ham,0,19,2
831,ham,0,5,1
832,ham,0,5,1
833,spam,0,20,2
834,spam,0,14,2
835,ham,0,4,1
836,spam,0,18,1
837,ham,0,12,2
838,ham,0,11,1
839,ham,0,6,1
840,ham,0,4,1
841,ham,0,4,1
842,ham,0,13,3
843,ham,0,9,1
844,ham,0,3,1
845,ham,0,8,1
846,ham,0,10,1
847,ham,0,12,3
848,ham,0,22,6
849,ham,0,25,2
850,ham,0,3,1
851,ham,0,4,1
852,ham,0,4,1
853,ham,0,3,1
854,spam,0,20,2
855,ham,0,6,1
856,ham,0,3,1
857,ham,0,7,1
858,ham,0,5,1
859,ham,0,4,1
860,spam,0,13,1
861,ham,0,21,1
862,ham,0,4,1
863,ham,0,5,1
864,ham,0,5,1
865,ham,0,3,1
866,ham,0,7,1
867,ham,0,8,4
868,ham,0,3,1
869,ham,0,22,1
870,ham,0,17,2
871,spam,0,16,2
872,ham,0,18,2
873,ham,0,7,1
874,ham,0,5,1
875,ham,0,17,1
876,ham,0,4,1
877,ham,0,4,1
878,spam,0,5,1
879,ham,0,26,6
880,spam,0,20,2
881,spam,0,24,1
882,ham,0,6,1
883,ham,0,23,5
884,ham,0,6,2
885,ham,0,21,4
886,ham,0,4,1
887,ham,0,4,1
888,ham,0,6,1
889,ham,0,2,1
890,ham,0,14,1
891,ham,0,4,1
892,ham,0,13,2
893,ham,0,20,2
894,ham,0,11,1
895,ham,0,4,1
896,ham,0,18,4
897,ham,0,33,2
898,ham,0,11,1
899,spam,0,19,2
900,ham,0,1,1
901,ham,0,2,1
902,spam,0,23,2
903,ham,0,23,1
904,ham,0,10,1
905,ham,0,2,1
906,ham,0,11,2
907,ham,0,11,1
908,spam,0,18,3
909,ham,0,9,1
910,ham,0,5,1
911,ham,0,18,2
912,ham,0,11,1
913,ham,0,3,1
914,ham,0,7,1
915,ham,0,6,1
916,ham,0,73,7
917,ham,0,4,2
918,ham,0,7,2
919,ham,0,18,2
920,ham,0,3,1
921,ham,0,5,1
922,ham,0,10,1
923,ham,0,8,1
924,spam,0,12,1
925,spam,0,13,1
926,ham,0,7,1
927,ham,0,4,1
928,ham,0,8,1
929,ham,0,5,1
930,ham,0,7,1
931,spam,0,16,2
932,spam,0,20,2
933,ham,0,5,1
934,spam,0,22,2
935,ham,0,19,2
936,ham,0,5,1
937,ham,0,3,1
938,ham,0,4,1
939,spam,0,22,2
940,ham,0,6,1
941,ham,0,10,1
942,ham,0,4,2
943,ham,0,4,1
944,ham,0,4,1
945,ham,0,11,2
946,ham,0,1,1
947,ham,0,11,2
948,ham,0,2,1
949,ham,0,4,1
950,ham,0,3,1
951,ham,0,9,2
952,ham,0,11,1
953,ham,0,5,1
954,spam,0,17,2
955,ham,0,15,2
956,ham,0,5,1
957,ham,0,9,1
958,ham,0,6,1
959,ham,0,5,1
960,ham,0,6,1
961,ham,0,9,1
962,ham,0,9,1
963,ham,0,5,1
964,ham,0,10,1
965,ham,0,9,1
966,ham,0,3,1
967,spam,0,16,1
968,ham,0,22,2
969,ham,0,7,1
970,ham,0,9,1
971,ham,0,18,1
972,ham,0,3,1
973,spam,0,14,1
974,ham,0,4,1
975,ham,0,4,1
976,ham,0,14,2
977,ham,0,8,1
978,ham,0,22,2
979,spam,0,22,1
980,ham,0,19,2
981,ham,0,4,1
982,ham,0,2,1
983,ham,0,15,1
984,spam,0,13,1
985,ham,0,9,1
986,ham,0,2,1
987,ham,0,4,1
988,ham,0,20,1
989,ham,0,5,1
990,ham,0,11,2
991,ham,0,5,1
992,spam,0,20,2
993,ham,0,9,1
994,ham,0,5,1
995,ham,0,9,1
996,ham,0,8,1
997,ham,0,7,1
998,ham,0,14,2
999,spam,0,14,1
1000,ham,0,6,1
1001,ham,0,9,1
1002,spam,1,17,1
1003,ham,0,7,2
1004,ham,0,7,1
1005,ham,0,7,1
1006,ham,0,12,1
1007,ham,0,5,1
1008,ham,0,3,1
1009,ham,0,5,1
1010,ham,0,3,1
1011,ham,0,5,1
1012,ham,0,6,1
1013,ham,0,3,1
1014,ham,0,6,1
1015,ham,0,6,1
1016,ham,0,3,1
1017,ham,0,13,2
1018,ham,0,3,1
1019,ham,0,5,1
1020,ham,0,2,1
1021,spam,0,16,1
1022,ham,0,50,6
1023,ham,0,10,2
1024,ham,0,2,1
1025,ham,0,10,2
1026,spam,0,24,2
1027,ham,0,8,1
1028,ham,0,3,1
1029,ham,0,21,2
1030,ham,0,2,1
1031,ham,0,6,1
1032,ham,0,8,1
1033,ham,0,4,1
1034,ham,0,17,1
1035,spam,0,22,2
1036,ham,0,48,6
1037,ham,0,16,1
1038,spam,0,23,2
1039,spam,0,17,1
1040,ham,0,2,1
1041,ham,0,3,1
1042,ham,0,8,1
1043,ham,0,8,2
1044,ham,0,17,2
1045,ham,0,3,1
1046,ham,0,7,1
1047,spam,0,25,1
1048,ham,0,4,1
1049,ham,0,9,2
1050,ham,0,12,1
1051,ham,0,22,1
1052,spam,0,18,1
1053,ham,0,15,2
1054,ham,0,4,1
1055,ham,0,12,2
1056,ham,0,9,1
1057,ham,0,4,1
1058,ham,0,2,1
1059,ham,0,7,1
1060,ham,0,5,1
1061,spam,0,23,2
1062,spam,0,25,1
1063,ham,0,3,1
1064,ham,0,18,1
1065,ham,0,2,1
1066,ham,0,5,1
1067,ham,0,6,1
1068,ham,0,7,1
1069,ham,0,3,1
1070,ham,0,68,4
1071,ham,0,11,1
1072,ham,0,5,1
1073,ham,0,3,1
1074,spam,0,23,1
1075,ham,0,5,1
1076,ham,0,7,1
1077,ham,0,4,1
1078,ham,0,4,1
1079,ham,0,19,2
1080,ham,0,6,1
1081,ham,0,11,1
1082,ham,0,1,1
1083,ham,0,5,1
1084,ham,0,12,2
1085,ham,0,6,1
1086,ham,0,8,1
1087,ham,0,16,1
1088,ham,0,9,1
1089,ham,0,4,1
1090,ham,0,4,1
1091,ham,0,5,1
1092,ham,0,2,1
1093,ham,0,4,1
1094,ham,0,6,1
1095,spam,0,19,1
1096,ham,0,8,1
1097,ham,0,16,1
1098,ham,0,5,1
1099,ham,0,6,2
1100,ham,0,6,1
1101,spam,0,16,2
1102,ham,0,4,1
1103,ham,0,2,1
1104,ham,0,21,2
1105,ham,0,8,1
1106,ham,0,5,1
1107,ham,0,17,1
1108,ham,0,11,1
1109,ham,0,12,2
1110,ham,0,7,1
1111,ham,0,4,1
1112,ham,0,2,1
1113,spam,0,22,2
1114,ham,0,9,1
1115,ham,0,7,1
1116,ham,0,5,1
1117,ham,0,6,1
1118,ham,0,5,2
1119,ham,0,5,1
1120,ham,0,7,2
1121,spam,1,16,2
1122,ham,0,3,1
1123,spam,0,5,2
1124,ham,0,2,1
1125,ham,0,4,1
1126,ham,0,13,2
1127,ham,0,8,1
1128,ham,0,3,1
1129,ham,0,4,1
1130,ham,0,17,2
1131,ham,0,5,1
1132,ham,0,4,1
1133,ham,0,11,1
1134,ham,0,3,1
1135,ham,0,17,3
1136,ham,0,7,1
1137,ham,0,11,1
1138,ham,0,10,1
1139,ham,0,4,1
1140,ham,0,10,1
1141,spam,0,17,1
1142,ham,0,1,1
1143,ham,0,5,1
1144,ham,0,6,1
1145,ham,0,2,1
1146,ham,0,2,1
1147,ham,0,4,1
1148,ham,0,18,4
1149,spam,0,18,1
1150,ham,0,4,1
1151,ham,0,2,1
1152,ham,0,4,1
1153,ham,0,7,1
1154,ham,0,6,1
1155,spam,0,16,1
1156,ham,0,3,1
1157,ham,0,2,1
1158,spam,0,19,2
1159,ham,0,3,1
1160,spam,0,7,1
1161,ham,0,26,3
1162,ham,0,7,1
1163,spam,0,20,2
1164,ham,0,8,1
1165,ham,0,6,1
1166,spam,0,27,2
1167,ham,0,16,3
1168,ham,0,11,1
1169,ham,0,12,1
1170,ham,0,4,1
1171,ham,0,16,3
1172,ham,1,17,1
1173,ham,0,49,3
1174,ham,0,3,1
1175,ham,0,2,1
1176,ham,0,4,1
1177,ham,0,3,1
1178,ham,0,3,1
1179,ham,0,5,1
1180,ham,0,9,2
1181,ham,0,3,1
1182,ham,0,10,2
1183,ham,0,8,1
1184,ham,0,3,1
1185,ham,0,51,3
1186,ham,0,3,1
1187,ham,0,14,1
1188,ham,0,15,2
1189,ham,0,9,1
1190,ham,0,7,3
1191,ham,0,2,1
1192,ham,0,6,1
1193,ham,0,6,1
1194,ham,0,8,1
1195,spam,1,16,1
1196,ham,0,5,2
1197,spam,1,16,1
1198,ham,0,7,1
1199,ham,0,5,1
1200,ham,0,2,1
1201,ham,0,6,1
1202,ham,0,22,4
1203,ham,0,6,1
1204,ham,0,3,1
1205,ham,0,3,1
1206,ham,0,10,1
1207,ham,0,5,1
1208,ham,0,10,2
1209,ham,0,3,1
1210,ham,0,5,1
1211,ham,0,6,1
1212,ham,0,7,2
1213,ham,0,2,1
1214,ham,0,11,1
1215,ham,0,2,1
1216,ham,0,8,1
1217,ham,0,8,1
1218,ham,0,6,1
1219,spam,0,23,2
1220,ham,0,3,1
1221,ham,0,20,3
1222,ham,0,11,2
1223,spam,0,24,1
1224,ham,0,7,1
1225,ham,0,5,1
1226,ham,0,11,1
1227,ham,0,11,1
1228,ham,0,7,1
1229,ham,0,13,2
1230,ham,0,5,1
1231,ham,0,3,1
1232,ham,0,17,2
1233,ham,0,17,2
1234,ham,0,28,4
1235,ham,0,4,1
1236,ham,0,10,2
1237,ham,0,9,1
1238,ham,0,16,3
1239,ham,0,4,1
1240,ham,0,7,2
1241,ham,0,15,2
1242,ham,0,7,1
1243,ham,0,6,1
1244,ham,0,2,1
1245,ham,0,5,1
1246,ham,0,15,2
1247,ham,0,9,1
1248,ham,0,13,1
1249,ham,0,5,1
1250,ham,0,3,1
1251,ham,0,7,2
1252,ham,0,4,1
1253,ham,0,4,1
1254,ham,0,7,1
1255,ham,0,7,1
1256,ham,0,17,1
1257,ham,0,3,1
1258,ham,0,16,2
1259,ham,0,4,1
1260,ham,0,7,1
1261,ham,0,6,1
1262,ham,0,4,1
1263,ham,0,11,1
1264,spam,0,24,1
1265,spam,0,18,2
1266,ham,0,4,1
1267,ham,0,6,1
1268,ham,0,10,8
1269,ham,0,15,2
1270,ham,0,14,2
1271,ham,0,9,1
1272,ham,0,11,1
1273,ham,0,9,2
1274,ham,0,5,1
1275,ham,0,1,1
1276,ham,0,9,1
1277,ham,0,7,1
1278,ham,0,2,1
1279,ham,0,4,1
1280,ham,0,7,1
1281,ham,0,7,1
1282,ham,0,1,1
1283,ham,0,17,1
1284,ham,0,2,1
1285,spam,0,13,2
1286,ham,0,10,2
1287,ham,0,5,2
1288,spam,0,16,1
1289,ham,0,3,1
1290,ham,0,4,1
1291,ham,0,11,1
1292,ham,0,7,1
1293,spam,0,17,1
1294,ham,0,6,1
1295,ham,0,13,1
1296,ham,0,14,1
1297,ham,0,3,1
1298,ham,0,3,1
1299,ham,0,1,1
1300,ham,0,4,1
1301,ham,0,3,1
1302,spam,1,28,2
1303,ham,0,4,1
1304,ham,0,7,1
1305,ham,0,3,1
1306,ham,0,13,2
1307,ham,0,4,1
1308,ham,0,6,1
1309,ham,0,5,1
1310,spam,0,16,1
1311,ham,0,7,1
1312,ham,0,8,1
1313,spam,0,18,1
1314,ham,0,6,1
1315,ham,0,13,1
1316,spam,1,23,3
1317,spam,0,20,2
1318,ham,0,8,1
1319,ham,0,4,1
1320,ham,0,13,3
1321,ham,0,5,1
1322,spam,0,4,1
1323,ham,0,17,2
1324,ham,0,7,1
1325,spam,0,21,3
1326,ham,0,8,1
1327,ham,0,4,1
1328,spam,0,22,2
1329,ham,0,4,1
1330,spam,0,11,1
1331,ham,0,13,2
1332,ham,0,12,2
1333,ham,0,9,1
1334,ham,0,16,2
1335,ham,0,2,1
1336,spam,0,17,1
1337,ham,0,7,2
1338,ham,0,5,1
1339,ham,0,4,1
1340,ham,0,5,1
1341,spam,0,23,1
1342,ham,0,17,3
1343,ham,0,1,1
1344,ham,0,14,1
1345,ham,0,4,3
1346,ham,0,7,1
1347,ham,0,5,1
1348,ham,0,4,1
1349,ham,0,13,2
1350,ham,0,9,1
1351,ham,0,9,1
1352,ham,0,4,1
1353,ham,0,12,2
1354,ham,0,5,1
1355,ham,0,6,1
1356,ham,0,18,2
1357,ham,0,6,2
1358,ham,0,3,1
1359,ham,0,2,1
1360,ham,0,3,1
1361,spam,0,12,1
1362,ham,0,8,1
1363,ham,0,3,1
1364,ham,0,9,2
1365,ham,0,4,1
1366,ham,0,21,3
1367,ham,0,4,1
1368,ham,0,14,1
1369,ham,0,2,1
1370,ham,0,20,2
1371,ham,0,1,1
1372,ham,0,4,1
1373,spam,0,6,1
1374,spam,0,16,3
1375,ham,0,4,1
1376,ham,0,18,2
1377,ham,0,15,2
1378,ham,0,7,2
1379,ham,0,7,1
1380,ham,0,21,2
1381,ham,0,11,1
1382,spam,0,15,2
1383,ham,0,4,1
1384,spam,0,13,1
1385,ham,0,15,2
1386,ham,0,6,1
1387,ham,0,2,1
1388,ham,0,19,2
1389,ham,0,5,1
1390,ham,0,3,1
1391,ham,0,4,1
1392,ham,0,5,1
1393,spam,0,13,1
1394,ham,0,5,1
1395,ham,0,2,1
1396,ham,0,6,1
1397,ham,0,8,1
1398,ham,0,10,2
1399,ham,0,7,1
1400,ham,0,68,4
1401,ham,0,8,1
1402,ham,0,8,1
1403,ham,0,12,2
1404,ham,0,21,3
1405,ham,0,13,2
1406,ham,0,15,2
1407,ham,0,4,1
1408,spam,0,5,1
1409,ham,0,16,2
1410,spam,0,23,2
1411,ham,0,10,1
1412,ham,0,1,1
1413,ham,0,4,1
1414,ham,0,7,2
1415,ham,0,10,1
1416,spam,0,22,2
1417,ham,0,7,1
1418,ham,0,3,1
1419,ham,0,8,2
1420,ham,0,2,1
1421,spam,0,17,1
1422,ham,0,7,1
1423,ham,0,10,1
1424,ham,0,5,1
1425,spam,0,18,2
1426,ham,0,11,1
1427,ham,0,11,1
1428,ham,0,15,1
1429,ham,0,5,1
1430,ham,0,5,1
1431,ham,0,10,1
1432,ham,0,6,1
1433,ham,0,12,1
1434,ham,0,4,1
1435,ham,0,5,1
1436,ham,0,6,1
1437,ham,0,11,2
1438,ham,0,3,1
1439,ham,0,4,1
1440,ham,0,1,1
1441,ham,0,5,1
1442,ham,0,8,2
1443,ham,0,5,1
1444,ham,0,8,1
1445,ham,0,4,1
1446,ham,0,14,2
1447,spam,0,8,2
1448,ham,0,4,1
1449,ham,0,17,1
1450,ham,0,5,1
1451,ham,0,3,1
1452,spam,0,21,2
1453,ham,0,5,1
1454,ham,0,19,3
1455,ham,0,7,1
1456,ham,0,36,3
1457,ham,0,7,1
1458,ham,0,6,1
1459,ham,0,5,1
1460,ham,0,4,1
1461,spam,0,20,2
1462,ham,0,4,1
1463,ham,0,3,1
1464,ham,0,4,1
1465,ham,0,4,2
1466,spam,0,16,1
1467,spam,0,13,1
1468,ham,0,4,1
1469,ham,0,9,1
1470,ham,0,5,1
1471,spam,0,25,3
1472,ham,0,9,1
1473,ham,0,7,1
1474,ham,0,5,1
1475,ham,0,7,1
1476,ham,0,4,1
1477,ham,0,3,1
1478,ham,0,3,1
1479,ham,0,5,2
1480,ham,0,3,1
1481,ham,0,5,1
1482,ham,0,8,2
1483,ham,0,4,1
1484,ham,0,4,1
1485,ham,0,12,2
1486,ham,0,2,1
1487,ham,0,10,1
1488,ham,0,14,2
1489,ham,0,11,1
1490,ham,0,26,2
1491,ham,0,5,1
1492,spam,0,22,2
1493,ham,0,4,1
1494,ham,0,6,1
1495,ham,0,6,1
1496,ham,0,4,1
1497,ham,0,4,1
1498,ham,0,5,1
1499,ham,0,4,1
1500,ham,0,6,1
1501,ham,0,3,1
1502,ham,0,3,1
1503,ham,0,13,2
1504,ham,0,13,2
1505,ham,0,3,1
1506,spam,0,20,2
1507,ham,0,7,1
1508,ham,0,13,1
1509,ham,0,14,2
1510,ham,0,2,1
1511,ham,0,5,1
1512,ham,0,5,1
1513,ham,0,9,1
1514,ham,0,11,2
1515,ham,0,2,1
1516,ham,0,28,3
1517,ham,0,16,1
1518,spam,0,17,2
1519,ham,0,9,1
1520,ham,0,4,1
1521,ham,0,5,1
1522,ham,0,7,1
1523,ham,0,5,1
1524,spam,0,22,2
1525,ham,0,7,3
1526,ham,0,6,1
1527,spam,0,21,2
1528,ham,0,5,1
1529,ham,0,13,1
1530,ham,0,13,2
1531,ham,0,3,1
1532,ham,0,3,1
1533,ham,0,5,1
1534,ham,0,16,1
1535,ham,0,8,1
1536,spam,0,20,3
1537,ham,0,1,1
1538,ham,0,4,1
1539,ham,0,8,1
1540,ham,0,2,1
1541,ham,0,8,1
1542,spam,0,17,2
1543,ham,0,18,2
1544,ham,0,5,1
1545,spam,0,17,1
1546,ham,0,16,2
1547,ham,0,7,1
1548,ham,0,5,1
1549,ham,0,5,1
1550,spam,1,12,1
1551,ham,0,3,1
1552,spam,0,20,2
1553,ham,0,9,1
1554,ham,0,3,1
1555,ham,0,12,1
1556,ham,0,8,1
1557,ham,0,22,2
1558,ham,0,6,1
1559,spam,0,19,2
1560,ham,0,6,1
1561,ham,0,22,2
1562,spam,0,15,1
1563,ham,0,7,1
1564,ham,0,7,1
1565,ham,0,8,1
1566,ham,0,2,1
1567,ham,0,13,1
1568,ham,0,9,2
1569,ham,0,4,1
1570,ham,0,9,1
1571,ham,0,21,2
1572,ham,0,3,1
1573,ham,0,5,1
1574,spam,0,18,1
1575,ham,0,6,1
1576,ham,0,9,1
1577,ham,0,15,1
1578,ham,0,5,1
1579,ham,0,4,1
1580,ham,0,5,1
1581,spam,0,22,1
1582,ham,0,4,1
1583,ham,0,7,1
1584,ham,0,17,2
1585,ham,0,3,1
1586,ham,0,15,2
1587,ham,0,3,1
1588,ham,0,3,1
1589,ham,0,14,2
1590,ham,0,7,1
1591,ham,0,7,1
1592,ham,0,27,6
1593,ham,0,23,4
1594,ham,0,4,1
1595,ham,0,7,1
1596,ham,0,8,1
1597,ham,0,4,1
1598,ham,0,10,1
1599,ham,0,5,1
1600,ham,0,11,2
1601,ham,0,9,1
1602,ham,0,8,1
1603,spam,0,6,1
1604,ham,0,2,1
1605,ham,0,16,2
1606,ham,0,9,1
1607,ham,0,2,1
1608,ham,0,51,3
1609,ham,0,12,1
1610,ham,0,9,1
1611,ham,0,5,1
1612,ham,0,13,2
1613,spam,0,17,1
1614,ham,0,16,2
1615,ham,0,13,1
1616,ham,0,12,2
1617,spam,0,16,1
1618,ham,0,22,2
1619,ham,0,2,1
1620,ham,0,20,3
1621,ham,0,3,2
1622,ham,0,20,1
1623,ham,0,15,1
1624,ham,0,14,2
1625,ham,0,8,1
1626,ham,0,20,2
1627,ham,0,3,1
1628,ham,0,8,1
1629,ham,0,9,1
1630,ham,0,15,1
1631,ham,0,12,2
1632,ham,0,21,2
1633,ham,0,8,1
1634,ham,0,15,1
1635,ham,0,6,1
1636,ham,0,5,1
1637,ham,0,18,2
1638,ham,0,7,1
1639,ham,0,6,1
1640,ham,0,5,1
1641,ham,0,5,1
1642,ham,0,10,1
1643,ham,0,8,2
1644,ham,0,8,1
1645,ham,0,4,1
1646,ham,0,2,1
1647,ham,0,10,1
1648,ham,0,13,2
1649,ham,0,8,1
1650,ham,0,14,2
1651,spam,0,9,1
1652,ham,0,2,1
1653,ham,0,6,1
1654,ham,0,4,1
1655,ham,0,3,1
1656,ham,0,6,1
1657,ham,0,8,2
1658,ham,0,10,2
1659,ham,0,5,2
1660,ham,0,0,[]
1661,ham,0,3,1
1662,ham,0,3,1
1663,ham,0,8,1
1664,ham,0,4,1
1665,spam,0,7,1
1666,ham,0,4,1
1667,ham,0,4,1
1668,ham,0,2,1
1669,ham,0,1,1
1670,spam,0,14,1
1671,ham,0,3,1
1672,ham,0,9,1
1673,spam,0,14,1
1674,ham,0,12,3
1675,spam,0,21,3
1676,ham,0,13,1
1677,ham,0,2,1
1678,ham,0,3,1
1679,ham,0,4,1
1680,spam,0,21,2
1681,spam,0,8,1
1682,ham,0,5,1
1683,ham,0,7,1
1684,ham,0,16,1
1685,ham,0,6,1
1686,ham,0,11,1
1687,ham,0,3,1
1688,spam,0,21,3
1689,spam,1,12,1
1690,ham,0,12,1
1691,ham,0,9,1
1692,ham,0,8,1
1693,ham,0,12,1
1694,ham,0,4,1
1695,ham,0,20,3
1696,ham,0,5,1
1697,spam,0,15,1
1698,ham,0,16,1
1699,spam,1,9,1
1700,ham,0,1,1
1701,ham,0,9,1
1702,ham,0,8,1
1703,ham,0,25,4
1704,ham,0,8,2
1705,ham,0,4,1
1706,ham,0,20,2
1707,ham,0,6,1
1708,ham,0,3,1
1709,spam,0,18,1
1710,ham,0,17,1
1711,ham,0,4,1
1712,ham,0,4,1
1713,ham,0,15,2
1714,ham,0,1,1
1715,ham,0,14,1
1716,ham,0,3,1
1717,spam,0,11,1
1718,ham,0,13,1
1719,ham,0,8,1
1720,spam,0,20,1
1721,ham,0,3,1
1722,ham,0,1,1
1723,ham,0,1,1
1724,ham,0,14,2
1725,ham,0,23,2
1726,ham,0,4,1
1727,ham,0,5,1
1728,ham,0,6,1
1729,ham,0,30,2
1730,ham,0,3,1
1731,ham,0,9,1
1732,ham,0,7,1
1733,ham,0,3,1
1734,spam,0,19,1
1735,ham,0,17,2
1736,ham,0,4,1
1737,ham,0,4,1
1738,ham,0,15,2
1739,ham,0,12,1
1740,ham,0,4,1
1741,ham,0,9,1
1742,ham,0,2,1
1743,ham,0,19,2
1744,ham,0,13,2
1745,ham,0,1,1
1746,ham,0,5,1
1747,spam,0,26,2
1748,ham,0,5,1
1749,ham,0,9,1
1750,spam,0,10,1
1751,ham,0,7,1
1752,ham,0,5,1
1753,ham,0,42,4
1754,ham,0,7,1
1755,ham,0,4,1
1756,spam,0,16,1
1757,ham,0,2,1
1758,ham,0,5,1
1759,ham,0,4,1
1760,ham,0,15,2
1761,ham,0,4,1
1762,ham,0,10,1
1763,ham,0,3,1
1764,ham,0,6,1
1765,spam,0,15,1
1766,ham,0,25,4
1767,ham,0,11,1
1768,ham,0,4,1
1769,spam,0,22,3
1770,ham,0,9,1
1771,ham,0,6,1
1772,ham,0,3,1
1773,ham,0,3,1
1774,ham,0,3,1
1775,ham,0,5,1
1776,ham,0,6,1
1777,ham,0,6,2
1778,ham,0,21,2
1779,ham,0,18,2
1780,ham,0,9,1
1781,ham,0,9,1
1782,ham,0,18,1
1783,ham,0,7,1
1784,ham,0,6,1
1785,ham,0,3,1
1786,ham,0,7,2
1787,ham,0,2,1
1788,spam,0,22,2
1789,ham,0,3,1
1790,spam,0,13,1
1791,ham,0,7,1
1792,ham,0,6,1
1793,ham,0,13,2
1794,ham,0,7,1
1795,ham,0,8,1
1796,ham,0,6,1
1797,ham,0,5,1
1798,ham,0,10,1
1799,ham,0,5,1
1800,ham,0,24,3
1801,ham,0,7,1
1802,ham,0,8,1
1803,ham,0,3,1
1804,spam,0,21,1
1805,ham,0,2,1
1806,ham,0,24,2
1807,ham,0,10,2
1808,ham,0,5,1
1809,ham,0,10,1
1810,ham,0,3,1
1811,ham,0,6,2
1812,ham,0,2,1
1813,ham,0,7,1
1814,ham,0,17,2
1815,ham,0,8,1
1816,ham,0,3,1
1817,spam,0,16,1
1818,ham,0,4,1
1819,ham,0,6,1
1820,ham,0,11,1
1821,ham,0,4,1
1822,ham,0,10,1
1823,spam,0,14,2
1824,ham,0,5,1
1825,ham,0,14,2
1826,ham,0,16,2
1827,ham,0,8,1
1828,ham,0,4,1
1829,ham,0,6,1
1830,spam,0,17,1
1831,ham,0,5,3
1832,ham,0,5,1
1833,ham,0,3,1
1834,spam,0,18,2
1835,ham,0,6,1
1836,ham,0,6,1
1837,ham,0,18,2
1838,ham,0,4,1
1839,ham,0,6,1
1840,ham,0,4,1
1841,ham,0,6,1
1842,ham,0,20,3
1843,spam,0,21,2
1844,ham,0,16,1
1845,ham,0,2,1
1846,ham,0,4,1
1847,spam,1,9,1
1848,ham,0,4,1
1849,ham,0,6,1
1850,spam,0,12,1
1851,ham,0,16,1
1852,spam,1,25,2
1853,ham,0,3,1
1854,ham,0,1,1
1855,ham,0,13,2
1856,ham,0,7,1
1857,ham,0,10,1
1858,ham,0,5,1
1859,ham,0,3,1
1860,ham,0,4,1
1861,ham,0,2,1
1862,spam,0,20,3
1863,ham,0,6,1
1864,spam,0,16,2
1865,ham,0,10,1
1866,spam,0,17,1
1867,ham,0,4,1
1868,ham,0,4,1
1869,ham,0,6,1
1870,ham,0,5,1
1871,ham,0,4,1
1872,ham,0,10,1
1873,ham,0,3,1
1874,ham,0,2,1
1875,spam,0,21,1
1876,ham,0,6,1
1877,ham,0,23,1
1878,ham,0,1,1
1879,ham,0,17,2
1880,ham,0,9,1
1881,ham,0,5,1
1882,ham,0,5,1
1883,ham,0,8,1
1884,ham,0,1,1
1885,ham,0,7,2
1886,ham,0,6,1
1887,ham,0,4,1
1888,ham,0,7,1
1889,ham,0,11,1
1890,ham,0,12,2
1891,ham,0,7,1
1892,ham,0,9,2
1893,ham,0,4,1
1894,ham,0,9,1
1895,ham,0,7,1
1896,ham,0,3,1
1897,ham,0,6,1
1898,ham,0,21,2
1899,ham,0,4,1
1900,spam,0,17,2
1901,spam,1,6,1
1902,ham,0,6,1
1903,ham,0,4,1
1904,ham,0,3,1
1905,ham,0,7,1
1906,ham,0,7,1
1907,ham,0,3,1
1908,ham,0,9,1
1909,ham,0,3,1
1910,ham,0,7,1
1911,ham,0,2,1
1912,spam,0,16,1
1913,ham,0,6,1
1914,ham,0,2,1
1915,ham,0,3,1
1916,ham,0,9,1
1917,ham,0,1,1
1918,ham,0,4,1
1919,ham,0,11,1
1920,ham,0,3,1
1921,ham,0,4,1
1922,ham,0,11,2
1923,spam,0,9,1
1924,ham,0,20,2
1925,ham,0,3,1
1926,spam,0,25,2
1927,ham,0,11,1
1928,ham,0,10,1
1929,ham,0,14,1
1930,ham,0,3,1
1931,ham,0,4,1
1932,ham,0,13,1
1933,ham,0,4,1
1934,ham,0,15,2
1935,ham,0,10,1
1936,ham,0,2,1
1937,ham,0,9,1
1938,ham,0,16,2
1939,ham,0,5,1
1940,ham,0,2,1
1941,spam,0,13,2
1942,ham,0,7,1
1943,ham,0,6,2
1944,ham,0,16,3
1945,ham,0,7,1
1946,ham,0,27,3
1947,spam,0,17,1
1948,ham,0,8,2
1949,ham,0,8,1
1950,ham,0,3,1
1951,ham,0,4,1
1952,ham,0,4,1
1953,spam,0,22,2
1954,ham,0,12,1
1955,ham,0,6,1
1956,ham,0,8,2
1957,ham,0,11,1
1958,ham,0,14,1
1959,spam,0,9,1
1960,ham,0,12,1
1961,spam,0,17,1
1962,ham,0,3,1
1963,ham,0,3,1
1964,ham,0,8,1
1965,spam,0,10,1
1966,spam,0,17,2
1967,ham,0,10,1
1968,ham,0,9,2
1969,ham,0,12,2
1970,ham,0,3,1
1971,ham,0,16,1
1972,ham,0,6,1
1973,spam,0,21,1
1974,ham,0,5,1
1975,ham,0,6,1
1976,ham,0,6,1
1977,ham,0,3,1
1978,ham,0,7,1
1979,ham,0,6,1
1980,spam,0,16,2
1981,ham,0,2,1
1982,ham,0,7,1
1983,spam,0,15,1
1984,ham,0,3,1
1985,ham,0,3,1
1986,ham,0,3,1
1987,ham,0,7,1
1988,ham,0,4,1
1989,ham,0,5,2
1990,ham,0,16,2
1991,ham,0,3,1
1992,ham,0,2,1
1993,ham,0,15,2
1994,ham,0,35,2
1995,ham,0,9,1
1996,spam,0,17,3
1997,ham,0,16,2
1998,ham,0,3,1
1999,ham,0,11,2
2000,ham,0,4,1
2001,ham,0,8,1
2002,ham,0,4,1
2003,ham,0,13,1
2004,ham,0,12,1
2005,ham,0,4,1
2006,ham,0,7,1
2007,ham,0,4,1
2008,ham,0,4,1
2009,ham,0,16,2
2010,ham,0,3,1
2011,ham,0,14,2
2012,spam,0,16,2
2013,ham,0,6,1
2014,ham,0,1,1
2015,ham,0,9,1
2016,ham,0,3,1
2017,spam,0,13,1
2018,ham,0,14,1
2019,ham,0,4,1
2020,ham,0,3,1
2021,ham,0,4,1
2022,ham,0,8,1
2023,ham,0,10,3
2024,ham,0,22,2
2025,ham,0,12,1
2026,ham,0,14,1
2027,ham,0,16,1
2028,ham,0,13,2
2029,ham,0,4,1
2030,ham,0,19,2
2031,ham,0,7,1
2032,ham,0,15,1
2033,ham,0,4,1
2034,ham,0,5,1
2035,ham,0,4,1
2036,ham,0,3,1
2037,ham,0,21,5
2038,ham,0,20,3
2039,ham,0,5,1
2040,ham,0,20,2
2041,ham,0,5,1
2042,ham,0,7,1
2043,spam,0,22,2
2044,ham,0,11,1
2045,spam,0,21,2
2046,ham,0,10,1
2047,ham,0,7,1
2048,ham,0,8,1
2049,ham,0,5,1
2050,ham,0,3,1
2051,ham,0,5,1
2052,spam,1,12,1
2053,ham,0,6,1
2054,ham,0,12,1
2055,ham,0,5,1
2056,ham,0,9,2
2057,ham,0,4,1
2058,ham,0,5,1
2059,ham,0,6,1
2060,spam,0,21,1
2061,ham,0,5,1
2062,ham,0,10,1
2063,ham,0,10,1
2064,ham,0,12,1
2065,ham,0,4,1
2066,ham,0,15,4
2067,ham,0,7,1
2068,ham,0,4,1
2069,spam,0,17,1
2070,ham,0,11,1
2071,spam,1,25,2
2072,spam,1,21,2
2073,spam,0,19,2
2074,ham,0,9,1
2075,spam,1,17,1
2076,ham,0,3,1
2077,ham,0,5,1
2078,ham,0,9,1
2079,ham,0,2,1
2080,ham,0,13,1
2081,ham,0,3,1
2082,ham,0,8,1
2083,ham,0,5,2
2084,ham,0,11,2
2085,ham,0,5,1
2086,ham,0,2,1
2087,ham,0,14,1
2088,ham,0,4,1
2089,ham,0,9,1
2090,ham,0,5,1
2091,spam,1,19,1
2092,ham,0,5,1
2093,ham,0,6,1
2094,ham,0,16,1
2095,ham,0,6,1
2096,spam,0,8,1
2097,ham,0,16,2
2098,ham,0,11,1
2099,ham,0,18,2
2100,ham,0,7,1
2101,ham,0,12,1
2102,ham,0,5,1
2103,spam,1,14,2
2104,ham,0,7,1
2105,ham,0,4,1
2106,spam,1,16,1
2107,spam,0,18,2
2108,ham,0,24,2
2109,ham,0,22,5
2110,ham,0,4,1
2111,ham,0,25,1
2112,ham,0,1,1
2113,ham,0,7,1
2114,spam,0,11,1
2115,spam,0,13,2
2116,spam,0,20,1
2117,ham,0,9,1
2118,ham,0,11,1
2119,ham,0,14,2
2120,ham,0,3,1
2121,ham,0,4,1
2122,ham,0,17,1
2123,ham,0,6,2
2124,ham,0,6,1
2125,spam,0,17,1
2126,ham,0,15,2
2127,ham,0,2,1
2128,ham,0,25,3
2129,ham,0,4,1
2130,ham,0,3,1
2131,ham,0,12,2
2132,ham,0,2,1
2133,ham,0,6,1
2134,ham,0,3,1
2135,spam,0,24,1
2136,ham,0,20,1
2137,ham,0,4,1
2138,ham,0,11,1
2139,ham,0,6,1
2140,ham,0,2,1
2141,ham,0,3,1
2142,ham,0,18,1
2143,ham,0,3,1
2144,spam,0,14,1
2145,ham,0,16,1
2146,ham,0,5,1
2147,ham,0,19,2
2148,ham,0,4,1
2149,ham,0,25,4
2150,ham,0,4,1
2151,ham,0,9,1
2152,ham,0,32,3
2153,ham,0,8,1
2154,spam,0,16,1
2155,ham,0,2,1
2156,ham,0,1,1
2157,ham,0,12,1
2158,ham,0,4,1
2159,ham,0,19,1
2160,ham,0,8,1
2161,ham,0,19,2
2162,spam,0,22,3
2163,ham,0,4,1
2164,ham,0,6,1
2165,ham,0,10,1
2166,ham,0,3,1
2167,ham,0,5,1
2168,ham,0,3,1
2169,ham,0,16,3
2170,ham,0,8,1
2171,spam,0,9,1
2172,ham,0,9,5
2173,ham,0,5,1
2174,ham,0,18,2
2175,ham,0,7,1
2176,ham,0,21,2
2177,ham,0,22,2
2178,ham,0,3,1
2179,ham,0,15,2
2180,ham,0,10,1
2181,ham,0,4,1
2182,ham,0,3,1
2183,ham,0,13,2
2184,ham,0,5,1
2185,ham,0,14,1
2186,ham,0,10,1
2187,ham,0,7,1
2188,spam,0,19,2
2189,ham,0,10,1
2190,ham,0,4,1
2191,ham,0,4,1
2192,ham,0,4,1
2193,ham,0,5,1
2194,spam,0,17,1
2195,ham,0,2,1
2196,ham,0,31,4
2197,ham,0,8,1
2198,ham,0,5,1
2199,ham,0,41,4
2200,spam,0,18,2
2201,ham,0,21,2
2202,ham,0,26,1
2203,ham,0,10,1
2204,ham,0,4,1
2205,spam,0,5,1
2206,spam,0,9,1
2207,ham,0,2,1
2208,ham,0,1,1
2209,ham,0,3,1
2210,ham,0,19,3
2211,ham,0,5,1
2212,ham,0,20,1
2213,ham,0,4,1
2214,ham,0,6,1
2215,ham,0,11,1
2216,spam,0,14,1
2217,spam,1,18,1
2218,ham,0,4,1
2219,ham,0,4,1
2220,ham,0,2,1
2221,ham,0,7,1
2222,spam,0,8,2
2223,ham,0,24,2
2224,ham,0,5,1
2225,ham,0,5,1
2226,spam,0,6,1
2227,ham,0,6,1
2228,ham,0,14,2
2229,ham,0,8,2
2230,ham,0,10,1
2231,ham,0,7,1
2232,ham,0,21,2
2233,spam,0,26,3
2234,ham,0,10,1
2235,ham,0,21,2
2236,ham,0,6,1
2237,ham,0,4,1
2238,ham,0,5,2
2239,ham,0,21,3
2240,ham,0,13,1
2241,ham,0,16,1
2242,spam,0,25,1
2243,ham,0,5,1
2244,ham,0,6,2
2245,ham,0,26,6
2246,ham,0,4,1
2247,ham,0,5,1
2248,ham,0,9,1
2249,ham,0,4,1
2250,ham,0,12,2
2251,ham,0,18,2
2252,spam,0,22,1
2253,spam,0,11,1
2254,spam,0,19,2
2255,ham,0,18,1
2256,ham,0,9,3
2257,ham,0,11,1
2258,ham,0,8,1
2259,ham,0,9,1
2260,ham,0,22,2
2261,ham,0,4,1
2262,ham,0,10,2
2263,spam,0,22,2
2264,ham,0,11,1
2265,ham,0,11,1
2266,ham,0,12,4
2267,ham,0,16,2
2268,spam,0,17,1
2269,ham,0,10,2
2270,ham,0,5,1
2271,ham,0,9,1
2272,ham,0,10,1
2273,ham,0,3,1
2274,ham,0,2,1
2275,ham,0,7,1
2276,ham,0,17,2
2277,spam,0,14,1
2278,ham,0,4,1
2279,ham,0,10,1
2280,ham,0,11,2
2281,ham,0,5,1
2282,ham,0,3,1
2283,ham,0,4,1
2284,ham,0,8,2
2285,ham,0,3,1
2286,ham,0,5,1
2287,spam,0,14,1
2288,spam,0,20,1
2289,ham,0,4,1
2290,ham,0,7,1
2291,ham,0,4,1
2292,ham,0,7,1
2293,ham,0,8,1
2294,ham,0,6,2
2295,ham,0,4,1
2296,spam,1,11,1
2297,ham,0,4,1
2298,ham,0,3,1
2299,spam,0,18,2
2300,ham,0,22,3
2301,ham,0,17,2
2302,ham,0,5,1
2303,ham,0,3,1
2304,ham,0,4,1
2305,spam,0,15,1
2306,ham,0,4,2
2307,ham,0,2,1
2308,ham,0,5,1
2309,ham,0,4,1
2310,ham,0,8,1
2311,ham,0,4,1
2312,ham,0,7,1
2313,ham,0,18,2
2314,ham,0,7,1
2315,spam,0,18,2
2316,ham,0,3,1
2317,ham,0,6,1
2318,ham,0,6,1
2319,ham,0,5,1
2320,ham,0,8,2
2321,ham,0,5,1
2322,ham,0,5,1
2323,ham,0,2,1
2324,ham,0,5,1
2325,spam,0,15,1
2326,ham,0,5,1
2327,ham,0,3,1
2328,ham,0,1,1
2329,ham,0,12,1
2330,ham,0,15,1
2331,ham,0,5,1
2332,ham,0,9,1
2333,ham,0,4,1
2334,ham,0,15,2
2335,ham,0,7,1
2336,ham,0,16,1
2337,ham,0,10,2
2338,ham,0,5,1
2339,ham,0,3,1
2340,ham,0,8,1
2341,spam,0,25,2
2342,ham,0,4,1
2343,ham,0,4,1
2344,ham,0,7,1
2345,ham,0,8,1
2346,ham,0,15,2
2347,ham,0,8,1
2348,spam,1,16,2
2349,ham,0,8,1
2350,ham,0,9,1
2351,ham,0,3,1
2352,ham,0,3,1
2353,spam,0,11,1
2354,ham,0,5,1
2355,ham,0,11,1
2356,ham,0,4,1
2357,ham,1,17,1
2358,spam,0,21,1
2359,ham,0,5,1
2360,ham,0,4,1
2361,ham,0,5,1
2362,ham,0,5,1
2363,spam,0,14,1
2364,ham,0,16,1
2365,ham,0,22,2
2366,ham,0,2,1
2367,ham,0,7,2
2368,ham,0,13,1
2369,ham,0,7,1
2370,ham,0,4,1
2371,ham,0,8,1
2372,ham,0,8,1
2373,spam,0,8,1
2374,ham,0,13,2
2375,ham,0,4,1
2376,ham,0,2,1
2377,ham,0,6,1
2378,spam,1,15,1
2379,ham,0,13,1
2380,ham,0,6,1
2381,ham,0,10,2
2382,ham,0,4,1
2383,ham,0,8,1
2384,ham,0,4,1
2385,ham,0,5,1
2386,ham,0,4,1
2387,ham,0,13,1
2388,ham,0,1,1
2389,ham,0,15,2
2390,ham,0,21,2
2391,spam,0,18,2
2392,ham,0,7,1
2393,ham,0,24,2
2394,ham,0,5,1
2395,ham,0,11,2
2396,ham,0,12,2
2397,ham,0,4,1
2398,ham,0,12,2
2399,spam,1,13,2
2400,ham,0,17,1
2401,ham,0,1,1
2402,ham,0,19,2
2403,ham,0,3,1
2404,spam,0,17,1
2405,ham,0,5,1
2406,ham,0,7,1
2407,ham,0,6,1
2408,ham,0,39,4
2409,ham,0,4,1
2410,ham,0,4,1
2411,ham,0,20,1
2412,ham,0,8,1
2413,ham,0,4,1
2414,ham,0,8,1
2415,ham,0,16,2
2416,ham,0,6,1
2417,spam,0,21,2
2418,spam,0,13,2
2419,ham,0,12,2
2420,ham,0,6,1
2421,ham,0,9,2
2422,ham,0,1,1
2423,ham,0,15,1
2424,ham,0,16,1
2425,ham,0,11,1
2426,ham,0,5,1
2427,spam,0,14,1
2428,spam,0,12,1
2429,ham,0,16,1
2430,ham,0,20,2
2431,spam,0,14,1
2432,ham,0,5,1
2433,ham,0,4,1
2434,ham,0,8,1
2435,ham,0,6,1
2436,ham,0,20,3
2437,ham,0,2,1
2438,ham,0,6,1
2439,ham,0,9,2
2440,ham,0,12,2
2441,ham,0,5,1
2442,ham,0,2,1
2443,ham,0,6,1
2444,ham,0,8,2
2445,ham,0,9,1
2446,spam,0,23,2
2447,ham,0,12,1
2448,ham,0,5,1
2449,ham,0,4,1
2450,ham,0,6,1
2451,ham,0,6,1
2452,ham,0,3,1
2453,ham,0,5,1
2454,ham,0,29,2
2455,ham,0,9,2
2456,ham,0,6,1
2457,ham,0,6,1
2458,spam,0,16,2
2459,ham,0,5,1
2460,ham,0,9,1
2461,spam,0,16,2
2462,ham,0,3,1
2463,ham,0,7,1
2464,ham,0,6,1
2465,spam,0,16,2
2466,ham,0,6,1
2467,ham,0,8,1
2468,ham,0,7,1
2469,ham,0,7,1
2470,ham,0,8,1
2471,spam,0,18,2
2472,ham,0,8,1
2473,spam,1,14,2
2474,ham,0,7,1
2475,ham,0,13,1
2476,ham,0,14,2
2477,ham,0,14,1
2478,ham,0,6,1
2479,ham,0,3,1
2480,spam,0,17,2
2481,ham,0,19,2
2482,ham,0,7,1
2483,spam,0,20,1
2484,spam,0,26,3
2485,spam,0,17,1
2486,ham,0,6,1
2487,ham,0,10,1
2488,ham,0,8,1
2489,ham,0,9,2
2490,spam,0,21,3
2491,ham,0,10,2
2492,ham,0,6,1
2493,ham,0,14,1
2494,ham,0,33,5
2495,ham,0,10,1
2496,ham,0,10,1
2497,ham,0,3,1
2498,ham,0,5,1
2499,ham,0,4,1
2500,ham,0,10,1
2501,ham,0,5,1
2502,ham,0,11,2
2503,ham,0,7,1
2504,spam,0,15,1
2505,ham,0,67,4
2506,ham,0,22,2
2507,ham,0,6,1
2508,ham,0,11,2
2509,ham,0,15,2
2510,spam,0,6,1
2511,ham,0,4,1
2512,spam,0,16,3
2513,ham,0,15,2
2514,spam,1,25,3
2515,ham,0,5,1
2516,ham,0,2,1
2517,ham,0,9,1
2518,ham,0,5,1
2519,ham,0,10,1
2520,ham,0,39,6
2521,ham,0,1,1
2522,ham,0,8,2
2523,ham,0,16,2
2524,ham,0,5,1
2525,ham,0,9,2
2526,ham,0,7,1
2527,ham,0,12,3
2528,ham,0,13,3
2529,ham,0,21,3
2530,ham,0,8,1
2531,spam,0,24,1
2532,ham,0,6,2
2533,ham,0,14,2
2534,ham,0,3,1
2535,ham,0,4,1
2536,ham,0,6,1
2537,ham,0,2,1
2538,ham,0,6,1
2539,spam,0,18,3
2540,ham,0,17,2
2541,ham,0,5,1
2542,ham,0,7,1
2543,ham,0,5,1
2544,ham,0,3,1
2545,ham,0,1,1
2546,ham,0,11,2
2547,ham,0,8,2
2548,ham,0,9,1
2549,ham,0,11,1
2550,ham,0,6,1
2551,spam,1,20,2
2552,spam,0,18,1
2553,ham,0,7,1
2554,spam,0,18,3
2555,ham,0,7,1
2556,ham,0,15,1
2557,ham,0,3,2
2558,ham,0,6,1
2559,ham,0,5,1
2560,ham,0,14,1
2561,ham,0,8,1
2562,ham,0,21,6
2563,ham,0,6,1
2564,ham,0,14,2
2565,spam,0,16,2
2566,ham,0,5,1
2567,ham,0,8,2
2568,spam,0,14,1
2569,ham,0,4,1
2570,ham,0,7,1
2571,ham,0,3,1
2572,ham,0,15,1
2573,ham,0,7,1
2574,ham,0,6,1
2575,ham,0,11,1
2576,ham,0,8,2
2577,ham,0,4,1
2578,ham,0,4,1
2579,ham,0,5,1
2580,ham,0,17,1
2581,ham,0,41,4
2582,ham,0,4,1
2583,ham,0,18,2
2584,ham,0,14,1
2585,spam,1,20,1
2586,ham,0,6,1
2587,ham,0,19,3
2588,ham,0,23,2
2589,ham,0,11,1
2590,ham,0,6,1
2591,ham,0,5,1
2592,ham,0,19,3
2593,ham,0,10,2
2594,ham,0,7,1
2595,ham,0,3,1
2596,ham,0,5,2
2597,ham,0,4,1
2598,ham,0,11,1
2599,ham,0,3,1
2600,ham,0,8,1
2601,ham,0,9,1
2602,ham,0,11,1
2603,ham,0,3,1
2604,ham,0,18,2
2605,ham,0,4,1
2606,spam,0,22,2
2607,ham,0,5,1
2608,ham,0,14,1
2609,ham,0,3,1
2610,ham,0,6,1
2611,ham,0,4,1
2612,ham,0,23,2
2613,ham,0,2,1
2614,ham,0,6,1
2615,ham,0,8,1
2616,ham,0,3,1
2617,ham,0,3,1
2618,ham,0,7,1
2619,ham,0,2,1
2620,ham,0,15,1
2621,ham,0,2,1
2622,ham,0,5,1
2623,ham,0,5,1
2624,ham,0,12,2
2625,ham,0,19,4
2626,ham,0,13,5
2627,ham,0,1,1
2628,ham,0,17,2
2629,ham,0,9,1
2630,spam,0,13,2
2631,spam,0,13,2
2632,ham,0,16,1
2633,ham,0,8,1
2634,ham,0,6,1
2635,ham,0,11,2
2636,spam,0,10,1
2637,spam,1,20,1
2638,ham,0,8,1
2639,ham,0,16,3
2640,ham,0,4,1
2641,ham,0,4,1
2642,ham,0,11,1
2643,ham,0,6,1
2644,ham,0,6,1
2645,ham,0,5,1
2646,ham,0,14,2
2647,ham,0,14,1
2648,ham,0,17,1
2649,ham,0,7,1
2650,ham,0,3,1
2651,ham,0,3,1
2652,ham,0,14,3
2653,ham,0,14,2
2654,ham,0,5,1
2655,ham,0,3,1
2656,ham,0,5,1
2657,ham,0,4,1
2658,ham,0,15,3
2659,ham,0,5,1
2660,ham,0,5,1
2661,ham,0,10,2
2662,ham,0,5,1
2663,ham,0,7,1
2664,ham,0,5,1
2665,ham,0,12,1
2666,ham,0,8,1
2667,ham,0,11,1
2668,ham,0,4,1
2669,ham,0,29,2
2670,ham,0,5,1
2671,ham,0,3,1
2672,ham,0,10,1
2673,spam,1,11,1
2674,ham,0,14,1
2675,spam,1,5,1
2676,spam,0,16,2
2677,ham,0,3,1
2678,ham,0,12,2
2679,ham,0,8,1
2680,ham,0,3,1
2681,ham,0,5,1
2682,ham,0,4,1
2683,ham,0,4,1
2684,spam,0,20,2
2685,ham,0,7,1
2686,ham,0,20,3
2687,ham,0,2,1
2688,ham,0,6,1
2689,ham,0,6,1
2690,ham,0,4,1
2691,ham,0,4,1
2692,ham,0,10,2
2693,ham,0,24,2
2694,ham,0,25,2
2695,ham,0,11,2
2696,ham,0,4,1
2697,ham,0,4,1
2698,spam,0,16,1
2699,ham,0,3,1
2700,ham,0,7,1
2701,ham,0,4,1
2702,ham,0,11,1
2703,ham,0,3,1
2704,ham,0,28,3
2705,spam,0,14,1
2706,ham,0,2,1
2707,ham,0,5,1
2708,ham,0,19,2
2709,ham,0,4,1
2710,ham,0,4,1
2711,ham,0,4,1
2712,ham,0,6,1
2713,ham,0,9,1
2714,ham,0,3,1
2715,ham,0,14,1
2716,ham,0,4,1
2717,ham,0,5,2
2718,ham,0,8,1
2719,ham,0,13,1
2720,ham,0,5,1
2721,ham,0,7,1
2722,ham,0,2,1
2723,ham,0,6,1
2724,ham,0,14,1
2725,ham,0,3,1
